{
  "tracking_ms": {
    "count": 299,
    "p50": 8.810651001113001,
    "p90": 11.685547801607754,
    "p99": 15.534194657957414,
    "mean": 8.635593742475981,
    "max": 35.67201400437625
  }
}